Page Title,URL,Status,Notes
Documentation,https://docs.pocket.network/,,
How Pocket Network Works,https://docs.pocket.network/get-started/how-pocket-works/,,
Installing pocketd,https://docs.pocket.network/get-started/pocketd-installation/,,
Networks,https://docs.pocket.network/get-started/networks/,,
Shannon Upgrade — What Changed,https://docs.pocket.network/get-started/shannon-upgrade/,,
What is Pocket Network?,https://docs.pocket.network/get-started/what-is-pocket/,,
Application Developers,https://docs.pocket.network/developers/,,
AI Agents & MCP Integration,https://docs.pocket.network/developers/ai-agents/,,
API Reference,https://docs.pocket.network/developers/api-reference/,,
Application Staking,https://docs.pocket.network/developers/application-staking/,,
Building with PATH,https://docs.pocket.network/developers/building-with-path/,,
Integration Examples,https://docs.pocket.network/developers/integration-examples/,,
Public API Portal — Available Networks,https://docs.pocket.network/developers/supported-chains/,,
Node Operators & Suppliers,https://docs.pocket.network/node-operators/,,
Archival Node Operation,https://docs.pocket.network/node-operators/archival/,,
F-Chains: How Suppliers Participate,https://docs.pocket.network/node-operators/f-chains/,,
HA RelayMiner,https://docs.pocket.network/node-operators/ha-relayminer/,,
Hardware & Infrastructure Requirements,https://docs.pocket.network/node-operators/hardware-requirements/,,
Monitoring,https://docs.pocket.network/node-operators/monitoring/,,
Node Upgrades,https://docs.pocket.network/node-operators/upgrades/,,
Operator Cheat Sheets,https://docs.pocket.network/node-operators/cheat-sheets/,,
RelayMiner Setup,https://docs.pocket.network/node-operators/relayminer-setup/,,
Service Management,https://docs.pocket.network/node-operators/service-management/,,
Supplier Rewards & Economics,https://docs.pocket.network/node-operators/rewards-economics/,,
Supplier Staking,https://docs.pocket.network/node-operators/supplier-staking/,,
Troubleshooting & FAQ,https://docs.pocket.network/node-operators/troubleshooting/,,
Gateway Operators,https://docs.pocket.network/gateways/,,
Application-Gateway Delegation,https://docs.pocket.network/gateways/delegation/,,
Gateway Staking,https://docs.pocket.network/gateways/staking/,,
Gateway Use Cases,https://docs.pocket.network/gateways/use-cases/,,
PATH Gateway Software,https://docs.pocket.network/path/,,
Developing with PATH,https://docs.pocket.network/path/developing/,,
Operating PATH in Production,https://docs.pocket.network/path/operating/,,
PATH Architecture,https://docs.pocket.network/path/architecture/,,
PATH Configuration,https://docs.pocket.network/path/configuration/,,
PATH Installation,https://docs.pocket.network/path/installation/,,
PATH Quickstart,https://docs.pocket.network/path/quickstart/,,
Token & Staking,https://docs.pocket.network/token/,,
Bridge — Moving POKT Between Chains,https://docs.pocket.network/token/bridge/,,
FAQ — Token Holders & Investors,https://docs.pocket.network/token/faq/,,
How to Buy POKT,https://docs.pocket.network/token/how-to-buy/,,
PIP-41: Deflationary Mechanics,https://docs.pocket.network/token/pip-41/,,
POKT on Exchanges,https://docs.pocket.network/token/exchanges/,,
POKT Tokenomics,https://docs.pocket.network/token/tokenomics/,,
Providing DeFi Liquidity,https://docs.pocket.network/token/liquidity-mining/,,
Staking POKT,https://docs.pocket.network/token/staking/,,
Validator Delegation,https://docs.pocket.network/token/validator-delegation/,,
Wallets & Self-Custody,https://docs.pocket.network/wallets/,,
Hardware Wallet Guide,https://docs.pocket.network/wallets/hardware-wallets/,,
Self-Custody Best Practices,https://docs.pocket.network/wallets/self-custody-best-practices/,,
Soothe Vault Setup Guide,https://docs.pocket.network/wallets/soothe-vault/,,
Governance & DAO,https://docs.pocket.network/governance/,,
Governance Parameters,https://docs.pocket.network/governance/parameters/,,
How to Submit a Governance Proposal,https://docs.pocket.network/governance/proposals/,,
Protocol & Core Development,https://docs.pocket.network/protocol/,,
Contributing,https://docs.pocket.network/protocol/contributing/,,
Development Setup,https://docs.pocket.network/protocol/development-setup/,,
Governance Internals,https://docs.pocket.network/protocol/governance-internals/,,
Repository Guide,https://docs.pocket.network/protocol/repository-guide/,,
"Sessions, Claims & Proofs",https://docs.pocket.network/protocol/sessions-claims-proofs/,,
Shannon Architecture,https://docs.pocket.network/protocol/architecture/,,
Testing,https://docs.pocket.network/protocol/testing/,,
Tokenomics Deep Dive,https://docs.pocket.network/protocol/tokenomics-deep-dive/,,
Reference,https://docs.pocket.network/reference/,,
Glossary,https://docs.pocket.network/reference/glossary/,,
Ports & Endpoints,https://docs.pocket.network/reference/ports-and-endpoints/,,
Querying the Chain,https://docs.pocket.network/reference/querying/,,
Security,https://docs.pocket.network/reference/security/,,
Ecosystem & Tooling,https://docs.pocket.network/ecosystem/,,
BlockchainQuery,https://docs.pocket.network/ecosystem/blockchainquery/,,
Igniter — Non-Custodial Node Staking,https://docs.pocket.network/ecosystem/igniter/,,
Pocketdex Indexer,https://docs.pocket.network/ecosystem/pocketdex/,,
POKTscan Explorer Guide,https://docs.pocket.network/ecosystem/poktscan/,,
Pocket Network Foundation,https://docs.pocket.network/foundation/,,
API Portal,https://docs.pocket.network/foundation/api-portal/,,
Financial Transparency,https://docs.pocket.network/foundation/transparency/,,
Partnerships,https://docs.pocket.network/foundation/partnerships/,,
"Strategic Roadmap 2026–2027",https://docs.pocket.network/foundation/roadmap/,,
The F-Chains Program,https://docs.pocket.network/foundation/f-chains/,,
Deprecated Content,https://docs.pocket.network/deprecated/,,
Morse Migration,https://docs.pocket.network/deprecated/morse-migration/,,
